{
  "sensor": "gps",
  "time": 1351824120,
  "data": [
    48.75608,
    2.302038
  ]
}
